stock_id,name,category,market,note
3661,世芯-KY,ICDesign,上市,ASIC晶片設計服務與矽智財
3443,創意,ICDesign,上市,ASIC晶片設計服務與矽智財
3035,智原,ICDesign,上市,ASIC晶片設計服務與矽智財
3529.TWO,力旺,ICDesign,上市,ASIC晶片設計服務與矽智財
6643.TWO,M31,ICDesign,上市,ASIC晶片設計服務與矽智財
6533,晶心科,ICDesign,上櫃,ASIC晶片設計服務與矽智財
6531,愛普*,ICDesign,上市,ASIC晶片設計服務與矽智財
8227.TWO,巨有科技,ICDesign,上櫃,ASIC晶片設計服務與矽智財
6423.TWO,億而得,ICDesign,上櫃,ASIC晶片設計服務與矽智財
4925.TWO,智微,ICDesign,上櫃,ASIC晶片設計服務與矽智財
6786.TWO,芯測,ICDesign,上櫃,ASIC晶片設計服務與矽智財
6695,芯鼎,ICDesign,上櫃,ASIC晶片設計服務與矽智財
4953.TWO,緯致,ICDesign,上櫃,ASIC晶片設計服務與矽智財
2454,聯發科,ICDesign,上市,網通與通訊SoC
2379,瑞昱,ICDesign,上市,網通與通訊SoC
5274.TWO,信驊,ICDesign,上櫃,網通與通訊SoC
6526,達發,ICDesign,上市,網通與通訊SoC
4968,立積,ICDesign,上市,網通與通訊SoC
6568.TWO,宏觀,ICDesign,上櫃,網通與通訊SoC
3094,聯傑,ICDesign,上市,網通與通訊SoC
3169.TWO,亞信,ICDesign,上櫃,網通與通訊SoC
5272.TWO,笙科,ICDesign,上櫃,網通與通訊SoC
6708.TWO,天擎,ICDesign,上櫃,網通與通訊SoC
3034,聯詠,ICDesign,上市,面板驅動與顯示IC
3592,瑞鼎,ICDesign,上市,面板驅動與顯示IC
4961,天鈺,ICDesign,上市,面板驅動與顯示IC
8016,矽創,ICDesign,上市,面板驅動與顯示IC
3545,敦泰,ICDesign,上市,面板驅動與顯示IC
3141.TWO,晶宏,ICDesign,上市,面板驅動與顯示IC
3527.TWO,聚積,ICDesign,上市,面板驅動與顯示IC
3288.TWO,點晶,ICDesign,上櫃,面板驅動與顯示IC
6996.TWO,力領科技,ICDesign,上市,面板驅動與顯示IC
6927.TWO,聯合聚晶,ICDesign,上櫃,面板驅動與顯示IC
4966.TWO,譜瑞-KY,ICDesign,上市,高速傳輸與PC週邊
5269,祥碩,ICDesign,上市,高速傳輸與PC週邊
6104.TWO,創惟,ICDesign,上市,高速傳輸與PC週邊
6756,威鋒電子,ICDesign,上市,高速傳輸與PC週邊
6684.TWO,安格,ICDesign,上櫃,高速傳輸與PC週邊
6233.TWO,旺玖,ICDesign,上市,高速傳輸與PC週邊
6243,迅杰,ICDesign,上市,高速傳輸與PC週邊
4951.TWO,精拓科,ICDesign,上櫃,高速傳輸與PC週邊
6231.TWO,系微,ICDesign,上櫃,高速傳輸與PC週邊
3228.TWO,金麗科,ICDesign,上櫃,高速傳輸與PC週邊
6415,矽力*-KY,ICDesign,上市,電源管理與功率類比IC
6138.TWO,茂達,ICDesign,上市,電源管理與功率類比IC
8081,致新,ICDesign,上市,電源管理與功率類比IC
5299.TWO,杰力,ICDesign,上櫃,電源管理與功率類比IC
3588,通嘉,ICDesign,上市,電源管理與功率類比IC
3438.TWO,類比科,ICDesign,上市,電源管理與功率類比IC
8261,富鼎,ICDesign,上市,電源管理與功率類比IC
6435.TWO,大中,ICDesign,上市,電源管理與功率類比IC
3317.TWO,尼克森,ICDesign,上市,電源管理與功率類比IC
3257,虹冠電,ICDesign,上市,電源管理與功率類比IC
4923.TWO,力士,ICDesign,上市,電源管理與功率類比IC
8299.TWO,群聯,ICDesign,上市,記憶體控制與MCU消費性IC
6485.TWO,點序,ICDesign,上櫃,記憶體控制與MCU消費性IC
3006,晶豪科,ICDesign,上市,記憶體控制與MCU消費性IC
5351.TWO,鈺創,ICDesign,上市,記憶體控制與MCU消費性IC
4919,新唐,ICDesign,上市,記憶體控制與MCU消費性IC
6202,盛群,ICDesign,上市,記憶體控制與MCU消費性IC
5471,松翰,ICDesign,上市,記憶體控制與MCU消費性IC
4952,凌通,ICDesign,上市,記憶體控制與MCU消費性IC
3014,聯陽,ICDesign,上市,記憶體控制與MCU消費性IC
2458,義隆,ICDesign,上市,記憶體控制與MCU消費性IC
3227.TWO,原相,ICDesign,上市,記憶體控制與MCU消費性IC
6732.TWO,昇佳電子,ICDesign,上櫃,記憶體控制與MCU消費性IC
6411.TWO,晶焱,ICDesign,上市,記憶體控制與MCU消費性IC
2436,偉詮電,ICDesign,上市,記憶體控制與MCU消費性IC
8054.TWO,安國,ICDesign,上櫃,記憶體控制與MCU消費性IC
2388,威盛,ICDesign,上市,記憶體控制與MCU消費性IC
2401,凌陽,ICDesign,上市,記憶體控制與MCU消費性IC
2363,矽統,ICDesign,上市,記憶體控制與MCU消費性IC
3041,揚智,ICDesign,上市,記憶體控制與MCU消費性IC
3122.TWO,笙泉,ICDesign,上櫃,記憶體控制與MCU消費性IC
6716.TWO,應廣,ICDesign,上櫃,記憶體控制與MCU消費性IC
6494.TWO,九齊,ICDesign,上櫃,記憶體控制與MCU消費性IC
3530,晶相光,ICDesign,上櫃,記憶體控制與MCU消費性IC
3556.TWO,禾瑞亞,ICDesign,上櫃,記憶體控制與MCU消費性IC
6462.TWO,神盾,ICDesign,上櫃,記憶體控制與MCU消費性IC
8024.TWO,佑華,ICDesign,上櫃,記憶體控制與MCU消費性IC
6229.TWO,研通,ICDesign,上櫃,記憶體控制與MCU消費性IC
6237.TWO,驊訊,ICDesign,上櫃,記憶體控制與MCU消費性IC
5487.TWO,通泰,ICDesign,上櫃,記憶體控制與MCU消費性IC
5468.TWO,凱鈺,ICDesign,上櫃,記憶體控制與MCU消費性IC
5302.TWO,太欣,ICDesign,上市,記憶體控制與MCU消費性IC
8040.TWO,九暘,ICDesign,上櫃,記憶體控制與MCU消費性IC
