stock_id,name,category,cost_price
1101,台泥,MID100,
1102,亞泥,MID100,
1229,聯華,MID100,
1319,東陽,MID100,
1326,台化,MID100,
1402,遠東新,MID100,
1476,儒鴻,MID100,
1477,聚陽,MID100,
1503,士電,MID100,
1504,東元,MID100,
1513,中興電,MID100,
1519,華城,MID100,
1590,亞德客-KY,MID100,
1605,華新,MID100,
1722,台肥,MID100,
1795,美時,MID100,
1802,台玻,MID100,
2006,東和鋼鐵,MID100,
2027,大成鋼,MID100,
2049,上銀,MID100,
2105,正新,MID100,
2206,三陽工業,MID100,
2258,鴻華先進-創,MID100,
2313,華通,MID100,
2324,仁寶,MID100,
2344,華邦電,MID100,
2347,聯強,MID100,
2353,宏碁,MID100,
2354,鴻準,MID100,
2356,英業達,MID100,
2368,金像電,MID100,
2371,大同,MID100,
2376,技嘉,MID100,
2377,微星,MID100,
2385,群光,MID100,
2404,漢唐,MID100,
2409,友達,MID100,
2449,京元電子,MID100,
2451,創見,MID100,
2474,可成,MID100,
2539,櫻花,MID100,
2542,興富發,MID100,
2609,陽明,MID100,
2610,華航,MID100,
2618,長榮航,MID100,
2633,台灣高鐵,MID100,
2645,長榮航太,MID100,
2646,星宇航空,MID100,
2801,彰銀,MID100,
2812,台中銀,MID100,
2834,臺企銀,MID100,
2845,遠東銀,MID100,
2915,潤泰全,MID100,
3005,神基,MID100,
3023,信邦,MID100,
3036,文曄,MID100,
3037,欣興,MID100,
3044,健鼎,MID100,
3406,玉晶光,MID100,
3443,創意,MID100,
3481,群創,MID100,
3533,嘉澤,MID100,
3702,大聯大,MID100,
3706,神達,MID100,
4583,台灣精銳,MID100,
4763,材料-KY,MID100,
4938,和碩,MID100,
4958,臻鼎-KY,MID100,
5269,祥碩,MID100,
5434,崇越,MID100,
5871,中租-KY,MID100,
5876,上海商銀,MID100,
6139,亞翔,MID100,
6176,瑞儀,MID100,
6191,精成科,MID100,
6239,力成,MID100,
6285,啟碁,MID100,
6409,旭隼,MID100,
6415,矽力-KY,MID100,
6442,光聖,MID100,
6446,藥華藥,MID100,
6472,保瑞,MID100,
6515,穎崴,MID100,
6526,達發,MID100,
6531,愛普*,MID100,
6770,力積電,MID100,
6781,AES-KY,MID100,
6789,采鈺,MID100,
6805,富世達,MID100,
6890,鈊象,MID100,
7799,來億-KY,MID100,
8046,南電,MID100,
8210,勤誠,MID100,
8454,富邦媒,MID100,
8464,億豐,MID100,
9904,寶成,MID100,
9910,豐泰,MID100,
9917,中保科,MID100,
9941,裕融,MID100,
9945,潤泰新,MID100,
