stock_id,name,category,cost_price
1216,統一,TW50,
1301,台塑,TW50,
1303,南亞,TW50,
2002,中鋼,TW50,
2059,川湖,TW50,
2207,和泰車,TW50,
2301,光寶科,TW50,
2303,聯電,TW50,
2308,台達電,TW50,
2317,鴻海,TW50,
2327,國巨,TW50,
2330,台積電,TW50,
2345,智邦,TW50,
2357,華碩,TW50,
2360,致茂,TW50,
2379,瑞昱,TW50,
2382,廣達,TW50,
2383,台光電,TW50,
2395,研華,TW50,
2408,南亞科,TW50,
2412,中華電,TW50,
2454,聯發科,TW50,
2603,長榮,TW50,
2615,萬海,TW50,
2880,華南金,TW50,
2881,富邦金,TW50,
2882,國泰金,TW50,
2883,凱基金,TW50,
2884,玉山金,TW50,
2885,元大金,TW50,
2886,兆豐金,TW50,
2887,台新新光金,TW50,
2890,永豐金,TW50,
2891,中信金,TW50,
2892,第一金,TW50,
2912,統一超,TW50,
3008,大立光,TW50,
3017,奇鋐,TW50,
3034,聯詠,TW50,
3045,台灣大,TW50,
3231,緯創,TW50,
3653,健策,TW50,
3661,世芯-KY,TW50,
3665,貿聯-KY,TW50,
3711,日月光投控,TW50,
4904,遠傳,TW50,
5880,合庫金,TW50,
6505,台塑化,TW50,
6669,緯穎,TW50,
6919,康霈,TW50,
